<?xml version="1.0"?>
<xml>
    <Image Name="Image_Group" Location="environment/group.png" Preload="true" Filter="false" />
    <Image Name="Image_Shape" Location="environment/shape.png" Preload="true" Filter="false" />
    <Image Name="Image_Anim" Location="environment/anim.png" Preload="true" Filter="false" />
    <Template Name="GradientTimelineTemplate">
        <Animation Name="Anim0$name$" Duration="$duration$" Type="vec4">
            <Frame Value="$startcolor0$" Time="0" />
            <Frame Value="$endcolor0$" Time="$duration$" />
        </Animation>
        <Animation Name="Anim1$name$" Duration="$duration$" Type="vec4">
            <Frame Value="$startcolor1$" Time="0" />
            <Frame Value="$endcolor1$" Time="$duration$" />
        </Animation>
        <Timeline Name="$name$" AutoPlay="true">
            <Animation Anim="Anim0$name$" Target="Color0" Repeat="1" StartAtTime="0"/>
            <Animation Anim="Anim1$name$" Target="Color1" Repeat="1" StartAtTime="0"/>
        </Timeline>
    </Template>
</xml>
