<?xml version="1.0"?>
<xml>

    <ResourceGroup Name="EditorImages" groupfile="editor/Images.group" preload="true"></ResourceGroup>
    
    <Image Name="up" Location="EditorImages" preload="true" Filter="true"></Image>
    <Image Name="down" Location="EditorImages" preload="true" Filter="true"></Image>
    <Image Name="left" Location="EditorImages" preload="true" Filter="true"></Image>
    <Image Name="right" Location="EditorImages" preload="true" Filter="true"></Image>
    <Image Name="plus" Location="EditorImages" preload="true" Filter="true"></Image>
    <Image Name="minus" Location="EditorImages" Preload="true" Filter="true"></Image>
    
    <Template Name="EditorButtonTemplate">
        <!--<ActorImage Name="Button$name$" Image="$name$" Position="$pos$" Size="128, 128" Scale="0.5" Action="$action$" Param1="$param1$" />-->
        <Brush Name="ButtonBrush$name$" Image="$name$" SrcRect="0, 0, 128, 128" Type="image" />
        <Icon Name="Button$name$" Background="ButtonBrush$name$" SelectedColor="255, 0, 0, 255" Position="$pos$" Size="128, 128" Scale="0.5" OnTapped="TappedAction$name$" />
        <Actions Name="TappedAction$name$">
            <Action Method="$action$" Param1="$param1$" />
        </Actions>
    </Template>

    <Scene Name="EditorScene" CanvasSize="1024, 768" CanvasOrigin="TopLeft" Camera="Cam" Current="false" AllowFocus="true" >
        <Camera Name="Cam" Position="0, 0" Angle="0" Scale="1" TouchPanX="false" TouchPanY="false" />        

        <!--
        <FromTemplate Template="EditorButtonTemplate" name="up" pos="180, 100" action="PfEditorActionPan" param1="up" />
        <FromTemplate Template="EditorButtonTemplate" name="down" pos="180, 180" action="PfEditorActionPan" param1="down" />
        <FromTemplate Template="EditorButtonTemplate" name="left" pos="100, 180" action="PfEditorActionPan" param1="left" />
        <FromTemplate Template="EditorButtonTemplate" name="right" pos="260, 180" action="PfEditorActionPan" param1="right" />

        <FromTemplate Template="EditorButtonTemplate" name="plus" pos="260, 100" action="PfEditorActionZoom" param1="in" />
        <FromTemplate Template="EditorButtonTemplate" name="minus" pos="100, 100" action="PfEditorActionZoom" param1="out" />
         -->
    </Scene>
</xml>
        
        
