<?xml version="1.0"?>
<xml>
    <pfimageactor name="Brush_item_03_10#1" brush="Brush_item_03_10" position="3.142715, 15.570984" size="605, 317" layer="1" depth="1000.000000" scaleX="2.365002" scaleY="2.365002" angle="0.000000" mirror="0" effect="" origin="0.000000, 0.000000" locked="0" >
    </pfimageactor>
    <pfimageactor name="Brush_item_03_09#1" brush="Brush_item_03_09" position="-397.000214, 15.713898" size="331, 331" layer="2" depth="55.000000" scaleX="2.149999" scaleY="2.149999" angle="0.000000" mirror="0" effect="" origin="0.000000, 0.000000" locked="0" >
    </pfimageactor>
    <pfimageactor name="Brush_item_03_08#1" brush="Brush_item_03_08" position="-182.143311, -75.143234" size="125, 77" layer="2" depth="34.000000" scaleX="2.935002" scaleY="2.935002" angle="0.000000" mirror="0" effect="" origin="0.000000, 0.000000" locked="0" >
    </pfimageactor>
    <pfimageactor name="Brush_item_03_08#2" brush="Brush_item_03_08" position="337.856506, -180.143158" size="125, 77" layer="2" depth="34.000000" scaleX="2.935002" scaleY="2.935002" angle="0.000000" mirror="0" effect="" origin="0.000000, 0.000000" locked="0" >
    </pfimageactor>
    <pfimageactor name="Brush_item_03_02#1" brush="Brush_item_03_02" position="-629.000366, 284.713837" size="260, 193" layer="3" depth="89.000000" scaleX="1.759999" scaleY="1.759999" angle="0.000000" mirror="0" effect="" origin="0.000000, 0.000000" locked="0" >
    </pfimageactor>
    <pfimageactor name="Brush_item_03_02#2" brush="Brush_item_03_02" position="-262.279327, 356.470306" size="260, 193" layer="3" depth="89.000000" scaleX="2.140000" scaleY="2.140000" angle="0.000000" mirror="0" effect="" origin="0.000000, 0.000000" locked="0" >
    </pfimageactor>
    <pfimageactor name="Brush_item_03_02#3" brush="Brush_item_03_02" position="132.791748, 307.431427" size="260, 193" layer="3" depth="89.000000" scaleX="2.140000" scaleY="2.140000" angle="0.000000" mirror="0" effect="" origin="0.000000, 0.000000" locked="0" >
    </pfimageactor>
    <pfimageactor name="Brush_item_03_02#4" brush="Brush_item_03_02" position="547.621460, 428.453766" size="260, 193" layer="3" depth="89.000000" scaleX="2.130000" scaleY="2.130000" angle="0.000000" mirror="0" effect="" origin="0.000000, 0.000000" locked="0" >
    </pfimageactor>
    <pfimageactor name="Brush_item_03_02#5" brush="Brush_item_03_02" position="-953.365295, 375.428101" size="260, 193" layer="3" depth="89.000000" scaleX="2.140000" scaleY="2.140000" angle="0.000000" mirror="0" effect="" origin="0.000000, 0.000000" locked="0" >
    </pfimageactor>
    <pfimageactor name="Brush_item_03_02#6" brush="Brush_item_03_02" position="873.141724, 338.897400" size="260, 193" layer="3" depth="89.000000" scaleX="1.684999" scaleY="1.684999" angle="0.000000" mirror="0" effect="" origin="0.000000, 0.000000" locked="0" >
    </pfimageactor>
    <pfimageactor name="Brush_item_03_05#1" brush="Brush_item_03_05" position="-633.914124, 103.466621" size="68, 85" layer="3" depth="89.000000" scaleX="2.089999" scaleY="2.089999" angle="0.000000" mirror="0" effect="" origin="0.000000, 0.000000" locked="0" >
    </pfimageactor>
    <pfimageactor name="Brush_item_03_06#1" brush="Brush_item_03_06" position="-513.625305, 114.573372" size="63, 98" layer="3" depth="89.000000" scaleX="2.154999" scaleY="2.154999" angle="0.000000" mirror="0" effect="" origin="0.000000, 0.000000" locked="0" >
    </pfimageactor>
    <pfimageactor name="Brush_item_03_06#2" brush="Brush_item_03_06" position="-135.450699, 172.462555" size="63, 98" layer="3" depth="89.000000" scaleX="1.634999" scaleY="1.634999" angle="0.000000" mirror="0" effect="" origin="0.000000, 0.000000" locked="0" >
    </pfimageactor>
    <pfimageactor name="Brush_item_03_06#3" brush="Brush_item_03_06" position="274.973846, 112.691284" size="63, 98" layer="3" depth="89.000000" scaleX="2.420000" scaleY="2.420000" angle="0.000000" mirror="0" effect="" origin="0.000000, 0.000000" locked="0" >
    </pfimageactor>
    <pfimageactor name="Brush_item_03_04#1" brush="Brush_item_03_04" position="599.140991, 145.800537" size="98, 167" layer="3" depth="89.000000" scaleX="2.049999" scaleY="2.049999" angle="0.000000" mirror="0" effect="" origin="0.000000, 0.000000" locked="0" >
    </pfimageactor>
    <pfimageactor name="Brush_item_03_05#2" brush="Brush_item_03_05" position="476.763336, 217.181061" size="68, 85" layer="3" depth="89.000000" scaleX="1.890000" scaleY="1.890000" angle="0.000000" mirror="0" effect="" origin="0.000000, 0.000000" locked="0" >
    </pfimageactor>
    <pfimageactor name="Brush_item_03_01#4" brush="Brush_item_03_01" position="879.153687, 359.105530" size="244, 188" layer="5" depth="34.000000" scaleX="2.064999" scaleY="2.064999" angle="0.000000" mirror="0" effect="" origin="0.000000, 0.000000" locked="0" >
    </pfimageactor>
    <pfimageactor name="Brush_item_03_01#5" brush="Brush_item_03_01" position="-609.146851, 327.162262" size="244, 188" layer="5" depth="34.000000" scaleX="2.560001" scaleY="2.560001" angle="0.000000" mirror="0" effect="" origin="0.000000, 0.000000" locked="0" >
    </pfimageactor>
    <pfimageactor name="Brush_item_03_01#6" brush="Brush_item_03_01" position="-223.623215, 399.017395" size="244, 188" layer="5" depth="34.000000" scaleX="2.129999" scaleY="2.129999" angle="0.000000" mirror="0" effect="" origin="0.000000, 0.000000" locked="0" >
    </pfimageactor>
    <pfimageactor name="Brush_item_03_01#1" brush="Brush_item_03_01" position="149.613983, 319.421844" size="244, 188" layer="5" depth="34.000000" scaleX="2.560001" scaleY="2.560001" angle="0.000000" mirror="0" effect="" origin="0.000000, 0.000000" locked="0" >
    </pfimageactor>
    <pfimageactor name="Brush_item_03_01#2" brush="Brush_item_03_01" position="553.388062, 408.084900" size="244, 188" layer="5" depth="34.000000" scaleX="2.064999" scaleY="2.064999" angle="0.000000" mirror="0" effect="" origin="0.000000, 0.000000" locked="0" >
    </pfimageactor>
    <pfimageactor name="Brush_item_03_01#3" brush="Brush_item_03_01" position="-1053.623169, 388.461700" size="244, 188" layer="5" depth="34.000000" scaleX="2.129999" scaleY="2.129999" angle="0.000000" mirror="0" effect="" origin="0.000000, 0.000000" locked="0" >
    </pfimageactor>
    <pfimageactor name="Brush_item_03_07#1" brush="Brush_item_03_07" position="-311.382294, 237.873688" size="58, 50" layer="5" depth="34.000000" scaleX="1.350000" scaleY="1.350000" angle="-13.600000" mirror="0" effect="" origin="0.000000, 0.000000" locked="0" >
    </pfimageactor>
    <pfimageactor name="Brush_item_03_07#2" brush="Brush_item_03_07" position="-229.680115, 223.831146" size="58, 50" layer="5" depth="34.000000" scaleX="1.565000" scaleY="1.565000" angle="0.000000" mirror="0" effect="" origin="0.000000, 0.000000" locked="0" >
    </pfimageactor>
    <pfimageactor name="Brush_item_03_07#3" brush="Brush_item_03_07" position="426.364258, 267.289520" size="58, 50" layer="5" depth="34.000000" scaleX="1.605000" scaleY="1.605000" angle="-20.600000" mirror="0" effect="" origin="0.000000, 0.000000" locked="0" >
    </pfimageactor>
    <pfimageactor name="Brush_item_03_07#4" brush="Brush_item_03_07" position="519.245544, 246.611542" size="58, 50" layer="5" depth="34.000000" scaleX="1.565000" scaleY="1.565000" angle="-2.600000" mirror="0" effect="" origin="0.000000, 0.000000" locked="0" >
    </pfimageactor>
    <pfimageactor name="Brush_item_03_07#5" brush="Brush_item_03_07" position="-457.365051, 170.001343" size="58, 50" layer="5" depth="34.000000" scaleX="1.565000" scaleY="1.565000" angle="8.000000" mirror="0" effect="" origin="0.000000, 0.000000" locked="0" >
    </pfimageactor>
    <pfimageactor name="Brush_item_03_07#6" brush="Brush_item_03_07" position="-789.908020, 176.442017" size="58, 50" layer="5" depth="34.000000" scaleX="1.670000" scaleY="1.670000" angle="-14.999999" mirror="0" effect="" origin="0.000000, 0.000000" locked="0" >
    </pfimageactor>
    <pfimageactor name="Brush_item_03_07#7" brush="Brush_item_03_07" position="801.957642, 205.594574" size="58, 50" layer="5" depth="34.000000" scaleX="1.565000" scaleY="1.565000" angle="-10.000000" mirror="0" effect="" origin="0.000000, 0.000000" locked="0" >
    </pfimageactor>
    <pfimageactor name="Brush_item_03_07#8" brush="Brush_item_03_07" position="-1137.365723, 232.106659" size="58, 50" layer="5" depth="34.000000" scaleX="1.565000" scaleY="1.565000" angle="8.000000" mirror="0" effect="" origin="0.000000, 0.000000" locked="0" >
    </pfimageactor>
    <pfimageactor name="Brush_item_03_03#1" brush="Brush_item_03_03" position="44.842934, 454.843048" size="264, 105" layer="6" depth="13.000000" scaleX="2.165000" scaleY="2.165000" angle="0.000000" mirror="0" effect="" origin="0.000000, 0.000000" locked="0" >
    </pfimageactor>
    <pfimageactor name="Brush_item_03_03#2" brush="Brush_item_03_03" position="556.948425, 451.158813" size="264, 105" layer="6" depth="13.000000" scaleX="2.165000" scaleY="2.165000" angle="0.000000" mirror="0" effect="" origin="0.000000, 0.000000" locked="0" >
    </pfimageactor>
    <pfimageactor name="Brush_item_03_03#3" brush="Brush_item_03_03" position="-466.335876, 457.726044" size="264, 105" layer="6" depth="13.000000" scaleX="2.165000" scaleY="2.165000" angle="0.000000" mirror="0" effect="" origin="0.000000, 0.000000" locked="0" >
    </pfimageactor>
    <pfimageactor name="Brush_item_03_03#4" brush="Brush_item_03_03" position="-979.286865, 460.740082" size="264, 105" layer="6" depth="13.000000" scaleX="2.165000" scaleY="2.165000" angle="0.000000" mirror="0" effect="" origin="0.000000, 0.000000" locked="0" >
    </pfimageactor>
    <pfimageactor name="Brush_item_03_03#5" brush="Brush_item_03_03" position="1068.252930, 447.245697" size="264, 105" layer="6" depth="13.000000" scaleX="2.165000" scaleY="2.165000" angle="0.000000" mirror="0" effect="" origin="0.000000, 0.000000" locked="0" >
    </pfimageactor>
    <pfimageactor name="Brush_item_03_03#6" brush="Brush_item_03_03" position="-1488.033569, 467.048035" size="264, 105" layer="6" depth="13.000000" scaleX="2.165000" scaleY="2.165000" angle="0.000000" mirror="0" effect="" origin="0.000000, 0.000000" locked="0" >
    </pfimageactor>
    <pfimageactor name="Brush_item_03_03#8" brush="Brush_item_03_03" position="946.000000, 381.000000" size="264, 105" layer="6" depth="1.000000" scaleX="2.165000" scaleY="2.165000" angle="-22.000000" mirror="0" effect="" origin="0.000000, 0.000000" locked="0" >
    </pfimageactor>
    <pfimageactor name="Brush_item_03_03#9" brush="Brush_item_03_03" position="930.000000, 276.000000" size="264, 105" layer="6" depth="1.000000" scaleX="2.165000" scaleY="2.165000" angle="-22.000000" mirror="0" effect="" origin="0.000000, 0.000000" locked="0" >
    </pfimageactor>
</xml>
