<?xml version="1.0"?>
<xml>
	<PfImageActor Name="@item_03_01" Brush="Brush_item_03_01" Position="-1926, -594" Size="244, 188" Layer="1" Depth="1000" />

	<PfImageActor Name="@item_03_02" Brush="Brush_item_03_02" Position="-1674, -596" Size="260, 193" Layer="1" Depth="1000" />

	<PfImageActor Name="@item_03_03" Brush="Brush_item_03_03" Position="-1412, -552" Size="264, 105" Layer="1" Depth="1000" />

	<PfImageActor Name="@item_03_04" Brush="Brush_item_03_04" Position="-1231, -583" Size="98, 167" Layer="1" Depth="1000" />

	<PfImageActor Name="@item_03_05" Brush="Brush_item_03_05" Position="-1148, -542" Size="68, 85" Layer="1" Depth="1000" />

	<PfImageActor Name="@item_03_06" Brush="Brush_item_03_06" Position="-1083, -549" Size="63, 98" Layer="1" Depth="1000" />

	<PfImageActor Name="@item_03_07" Brush="Brush_item_03_07" Position="-1029, -524" Size="44, 49" Layer="1" Depth="1000" />

	<PfImageActor Name="@item_03_08" Brush="Brush_item_03_08" Position="-945, -538" Size="125, 77" Layer="1" Depth="1000" />

	<PfImageActor Name="@item_03_09" Brush="Brush_item_03_09" Position="-717, -665" Size="331, 331" Layer="1" Depth="1000" />

	<PfImageActor Name="@item_03_10" Brush="Brush_item_03_10" Position="-249, -658" Size="605, 317" Layer="1" Depth="1000" />

</xml>
