<?xml version="1.0"?>
<xml>
	<ResourceGroup Name="scene6-images" GroupFile="scene6/Images.group" Preload="true" />
	<Image Name="item_03_01" Location="scene6-images" Preload="true" Filter="false" />
	<Brush Name="Brush_item_03_01" Image="item_03_01" SrcRect="0, 0, 244, 188" Type="image" />

	<Image Name="item_03_02" Location="scene6-images" Preload="true" Filter="false" />
	<Brush Name="Brush_item_03_02" Image="item_03_02" SrcRect="0, 0, 260, 193" Type="image" />

	<Image Name="item_03_03" Location="scene6-images" Preload="true" Filter="false" />
	<Brush Name="Brush_item_03_03" Image="item_03_03" SrcRect="0, 0, 264, 105" Type="image" />

	<Image Name="item_03_04" Location="scene6-images" Preload="true" Filter="false" />
	<Brush Name="Brush_item_03_04" Image="item_03_04" SrcRect="0, 0, 98, 167" Type="image" />

	<Image Name="item_03_05" Location="scene6-images" Preload="true" Filter="false" />
	<Brush Name="Brush_item_03_05" Image="item_03_05" SrcRect="0, 0, 68, 85" Type="image" />

	<Image Name="item_03_06" Location="scene6-images" Preload="true" Filter="false" />
	<Brush Name="Brush_item_03_06" Image="item_03_06" SrcRect="0, 0, 63, 98" Type="image" />

	<Image Name="item_03_07" Location="scene6-images" Preload="true" Filter="false" />
	<Brush Name="Brush_item_03_07" Image="item_03_07" SrcRect="0, 0, 44, 49" Type="image" />

	<Image Name="item_03_08" Location="scene6-images" Preload="true" Filter="false" />
	<Brush Name="Brush_item_03_08" Image="item_03_08" SrcRect="0, 0, 125, 77" Type="image" />

	<Image Name="item_03_09" Location="scene6-images" Preload="true" Filter="false" />
	<Brush Name="Brush_item_03_09" Image="item_03_09" SrcRect="0, 0, 331, 331" Type="image" />

	<Image Name="item_03_10" Location="scene6-images" Preload="true" Filter="false" />
	<Brush Name="Brush_item_03_10" Image="item_03_10" SrcRect="0, 0, 605, 317" Type="image" />

</xml>
