
<?xml version="1.0"?>
<xml>
    <PfScene Name="XDConcept2" Folder="scene6" CanvasSize="1024, 768" Extents="-2048, -768, 4096, 1536" ClipStatic="true" Camera="Cam" Current="true" Batch="false">
        <Camera Name="Cam" Position="0, 0" Angle="0" Scale="1" TouchPanX="true" TouchPanY="true" />
        <LoadXOML File="scene6/Images.xml" />
        <LoadXOML File="scene6/ImageActors_.xml" />
        <LoadXOML File="scene6/Actors_.xml" />
        <LoadXOML File="scene6/Effects.xml" />
        <LoadXOML File="scene6/Actors.xml" />
        <LoadXOML File="scene6/Actions.xml" />
    </PfScene>
</xml>
